시도명,시군구명,읍면동명,도로명주소,위도,경도,주택유형,구조유형,건축연도,빈집등급,데이터 기준일
충청북도,충주시,성내동,"충청북도 충주시 성내길 8-2, (성내동)",36.97257202,127.9351763,단독,일반목구조,1945,3등급,2025-06-30
충청북도,충주시,성내동,"충청북도 충주시 성내길 14-5, (성내동)",36.97215777,127.9357269,단독,일반목구조,1945,1등급,2025-06-30
충청북도,충주시,성내동,"충청북도 충주시 중앙로 121-1, (성내동)",36.97150952,127.9368506,그 외,벽돌구조,1970,1등급,2025-06-30
충청북도,충주시,성내동,"충청북도 충주시 형설로 175-2, (성내동)",36.96971665,127.9377393,단독,일반목구조,1945,2등급,2025-06-30
충청북도,충주시,성남동,"충청북도 충주시 성남5길 26-8, (성남동)",36.96793234,127.937752,단독,일반목구조,1935,2등급,2025-06-30
충청북도,충주시,성남동,"충청북도 충주시 성남5길 24-2, (성남동)",36.96800437,127.9376284,단독,벽돌구조,1967,1등급,2025-06-30
충청북도,충주시,성남동,"충청북도 충주시 성남4길 8-5, (성남동)",36.96790524,127.9376284,단독,경량철골구조,1990,1등급,2025-06-30
충청북도,충주시,성남동,"충청북도 충주시 용정2길 29-1, (성남동)",36.96741825,127.9369325,단독,일반목구조,1938,3등급,2025-06-30
충청북도,충주시,성남동,"충청북도 충주시 용정2길 25-10, (성남동)",36.96768833,127.9364157,단독,일반목구조,1940,2등급,2025-06-30
충청북도,충주시,성남동,"충청북도 충주시 성남5길 6-11, (성남동)",36.96780517,127.9358316,단독,일반목구조,1930,1등급,2025-06-30
충청북도,충주시,성남동,"충청북도 충주시 성남2길 7-10, (성남동)",36.96790368,127.9346635,단독,벽돌구조,1976,2등급,2025-06-30
충청북도,충주시,성남동,"충청북도 충주시 성남2길 7-12, (성남동)",36.96788556,127.9344838,단독,벽돌구조,1976,3등급,2025-06-30
충청북도,충주시,성남동,"충청북도 충주시 성남2길 7-11, (성남동)",36.96777742,127.9344839,단독,벽돌구조,1976,1등급,2025-06-30
충청북도,충주시,충인동,"충청북도 충주시 충인8길 25-1, (충인동)",36.9749579,127.9311533,단독,일반목구조,1945,3등급,2025-06-30
충청북도,충주시,교현동,"충청북도 충주시 만리산9길 62, (교현동)",36.97406309,127.9434753,그 외,벽돌구조,1981,1등급,2025-06-30
충청북도,충주시,교현동,"충청북도 충주시 갱고개로 38-9, (교현동)",36.97406178,127.9407123,단독,벽돌구조,1945,1등급,2025-06-30
충청북도,충주시,교현동,"충청북도 충주시 만리산2길 17-4, (교현동)",36.97178174,127.9405567,단독,벽돌구조,1973,2등급,2025-06-30
충청북도,충주시,교현동,"충청북도 충주시 갱고개로 23-1, (교현동)",36.97316894,127.9393427,단독,벽돌구조,1970,1등급,2025-06-30
충청북도,충주시,교현동,"충청북도 충주시 만리산6길 14-1, (교현동)",36.97145723,127.9403661,단독,벽돌구조,1974,2등급,2025-06-30
충청북도,충주시,교현동,"충청북도 충주시 만리산5길 2-1, (교현동)",36.97120476,127.9400855,단독,벽돌구조,1974,1등급,2025-06-30
충청북도,충주시,교현동,"충청북도 충주시 만리산1길 8, (교현동)",36.9715019,127.9395798,단독,벽돌구조,1970,2등급,2025-06-30
충청북도,충주시,교현동,"충청북도 충주시 교동6길 5, (교현동)",36.97201484,127.9381418,단독,벽돌구조,1973,1등급,2025-06-30
충청북도,충주시,교현동,"충청북도 충주시 교동6길 5-1, (교현동)",36.97207784,127.9379845,단독,벽돌구조,1974,2등급,2025-06-30
충청북도,충주시,교현동,"충청북도 충주시 동촌6길 13-1, (교현동)",36.96871738,127.9397841,단독,벽돌구조,1979,2등급,2025-06-30
충청북도,충주시,교현동,"충청북도 충주시 천변로 275-12, (교현동)",36.97252813,127.9374001,단독,벽돌구조,1976,1등급,2025-06-30
충청북도,충주시,교현동,"충청북도 충주시 천변로 237-11, (교현동)",36.97422982,127.9345234,단독,벽돌구조,1981,2등급,2025-06-30
충청북도,충주시,교현동,"충청북도 충주시 봉현로 279-10, (교현동)",36.97780773,127.9350147,단독,벽돌구조,1980,2등급,2025-06-30
충청북도,충주시,교현동,"충청북도 충주시 주봉3길 7-1, (교현동)",36.97878097,127.9349689,단독,벽돌구조,1945,2등급,2025-06-30
충청북도,충주시,교현동,"충청북도 충주시 교동11길 6-7, (교현동)",36.97570888,127.9366787,단독,벽돌구조,1975,2등급,2025-06-30
충청북도,충주시,교현동,"충청북도 충주시 야현4길 34-2, (교현동)",36.97807117,127.9390693,단독,벽돌구조,1973,2등급,2025-06-30
충청북도,충주시,교현동,"충청북도 충주시 월촌5길 6, (교현동)",36.97827152,127.9434048,단독,벽돌구조,1971,1등급,2025-06-30
충청북도,충주시,교현동,"충청북도 충주시 교현신촌1길 17, (교현동)",36.97962253,127.9418201,단독,벽돌구조,1965,3등급,2025-06-30
충청북도,충주시,교현동,"충청북도 충주시 교현신촌길 5-5, (교현동)",36.98041473,127.9401121,단독,벽돌구조,1972,1등급,2025-06-30
충청북도,충주시,교현동,"충청북도 충주시 교현신촌2길 7-1, (교현동)",36.97993744,127.9407864,단독,벽돌구조,1945,1등급,2025-06-30
충청북도,충주시,교현동,"충청북도 충주시 대흥3길 1-22, (교현동)",36.98005774,127.9297896,단독,벽돌구조,1955,3등급,2025-06-30
충청북도,충주시,교현동,"충청북도 충주시 예성9길 18, (교현동)",36.9768962,127.9325444,단독,벽돌구조,1967,2등급,2025-06-30
충청북도,충주시,교현동,"충청북도 충주시 예성4길 50-1, (교현동)",36.97552681,127.9332531,단독,벽돌구조,1966,3등급,2025-06-30
충청북도,충주시,교현동,"충청북도 충주시 예성7길 13-4, (교현동)",36.97710257,127.9309604,단독,벽돌구조,1970,2등급,2025-06-30
충청북도,충주시,교현동,"충청북도 충주시 봉현로 240, (교현동)",36.97730958,127.9304997,그 외,벽돌구조,1974,1등급,2025-06-30
충청북도,충주시,교현동,"충청북도 충주시 예성7길 7-1, (교현동)",36.9765889,127.9309384,단독,벽돌구조,1968,2등급,2025-06-30
충청북도,충주시,교현동,"충청북도 충주시 예성4길 19, (교현동)",36.97661547,127.9301297,단독,벽돌구조,1985,2등급,2025-06-30
충청북도,충주시,교현동,"충청북도 충주시 예성7길 3-1, (교현동)",36.97621023,127.9306355,그 외,벽돌구조,1988,2등급,2025-06-30
충청북도,충주시,교현동,"충청북도 충주시 예성8길 5, (교현동)",36.97645269,127.9291527,단독,벽돌구조,1975,1등급,2025-06-30
충청북도,충주시,교현동,"충청북도 충주시 예성6길 13-1, (교현동)",36.97740804,127.9293427,단독,벽돌구조,1974,2등급,2025-06-30
충청북도,충주시,교현동,"충청북도 충주시 예성3길 9, (교현동)",36.97691204,127.9287366,그 외,벽돌구조,1978,2등급,2025-06-30
충청북도,충주시,교현동,"충청북도 충주시 광명2길 10-15, (교현동)",36.97799388,127.9294882,그 외,벽돌구조,1971,1등급,2025-06-30
충청북도,충주시,교현동,"충청북도 충주시 대가미12길 24-1, (교현동)",36.97916414,127.927353,단독,벽돌구조,1978,1등급,2025-06-30
충청북도,충주시,교현동,"충청북도 충주시 대가미12길 26-2, (교현동)",36.97927241,127.9275663,단독,벽돌구조,1978,2등급,2025-06-30
충청북도,충주시,교현동,"충청북도 충주시 대가미9길 9-4, (교현동)",36.97968566,127.9254542,단독,벽돌구조,1977,1등급,2025-06-30
충청북도,충주시,교현동,"충청북도 충주시 대가미9길 30-1, (교현동)",36.97874062,127.9273983,단독,벽돌구조,1974,1등급,2025-06-30
충청북도,충주시,교현동,"충청북도 충주시 대가미12길 14, (교현동)",36.97828966,127.926781,단독,벽돌구조,1970,3등급,2025-06-30
충청북도,충주시,용산동,충청북도 충주시 용정1길 ,36.96716453,127.9343159,그 외,미상,,2등급,2025-06-30
충청북도,충주시,용산동,"충청북도 충주시 용정7길 25-1, (용산동)",36.96698531,127.9362029,단독,블록구조,1945,1등급,2025-06-30
충청북도,충주시,용산동,"충청북도 충주시 용정7길 25-1, (용산동)",36.96698531,127.9362029,단독,벽돌구조,1945,2등급,2025-06-30
충청북도,충주시,용산동,"충청북도 충주시 용정6길 6, (용산동)",36.96515594,127.9362268,그 외,미상,,3등급,2025-06-30
충청북도,충주시,용산동,"충청북도 충주시 금봉5길 23-6, (용산동)",36.96399638,127.9421124,단독,벽돌구조,1989,1등급,2025-06-30
충청북도,충주시,용산동,"충청북도 충주시 용산로 38-5, (용산동)",36.96461623,127.9381364,단독,일반목구조,1955,2등급,2025-06-30
충청북도,충주시,용산동,"충청북도 충주시 거룡6길 29-2, (용산동)",36.96426481,127.9382266,단독,벽돌구조,1971,2등급,2025-06-30
충청북도,충주시,용산동,"충청북도 충주시 거룡7길 9-1, (용산동)",36.96432664,127.9358008,그 외,미상,,2등급,2025-06-30
충청북도,충주시,용산동,"충청북도 충주시 거룡6길 4, (용산동)",36.9635694,127.9353297,단독,벽돌구조,1966,1등급,2025-06-30
충청북도,충주시,용산동,"충청북도 충주시 거룡5길 6-1, (용산동)",36.96310993,127.9355547,단독,블록구조,1985,1등급,2025-06-30
충청북도,충주시,용산동,"충청북도 충주시 거룡11길 4-1, (용산동)",36.96322867,127.9386317,단독,일반목구조,1961,3등급,2025-06-30
충청북도,충주시,용산동,"충청북도 충주시 거룡4길 31-1, (용산동)",36.96304844,127.9386318,단독,일반목구조,1967,2등급,2025-06-30
충청북도,충주시,용산동,"충청북도 충주시 거룡2길 48-14, (용산동)",36.96195788,127.9383519,그 외,미상,,2등급,2025-06-30
충청북도,충주시,호암동,"충청북도 충주시 관주앞길 31, (호암동)",36.94783492,127.9353203,단독,벽돌구조,1958,3등급,2025-06-30
충청북도,충주시,호암동,"충청북도 충주시 도장관주로 99, (호암동)",36.94794779,127.9277301,단독,블록구조,1975,2등급,2025-06-30
충청북도,충주시,호암동,"충청북도 충주시 사양재길 24, (호암동)",36.95962973,127.9179047,그 외,미상,,2등급,2025-06-30
충청북도,충주시,호암동,"충청북도 충주시 사양재길 22, (호암동)",36.95978312,127.9181852,단독,벽돌구조,1956,2등급,2025-06-30
충청북도,충주시,호암동,"충청북도 충주시 도장관주로 16, (호암동)",36.95203428,127.9200461,단독,경량철골구조,2003,1등급,2025-06-30
충청북도,충주시,호암동,"충청북도 충주시 도장관주로 74, (호암동)",36.94866709,127.9250348,그 외,미상,,2등급,2025-06-30
충청북도,충주시,직동,"충청북도 충주시 발티길 179, (직동)",36.94067485,127.9693996,그 외,미상,,1등급,2025-06-30
충청북도,충주시,직동,"충청북도 충주시 직동길 68-20, (직동)",36.94947066,127.9446607,단독,벽돌구조,1948,2등급,2025-06-30
충청북도,충주시,직동,"충청북도 충주시 직동길 68-18, (직동)",36.94924534,127.9446047,단독,일반목구조,1945,1등급,2025-06-30
충청북도,충주시,단월동,"충청북도 충주시 신대1길 51-22, (단월동)",36.94380481,127.8943441,그 외,미상,,2등급,2025-06-30
충청북도,충주시,풍동,"충청북도 충주시 상풍4길 16-8, (풍동)",36.93441978,127.9254638,단독,일반목구조,1939,3등급,2025-06-30
충청북도,충주시,풍동,"충청북도 충주시 상풍2길 21-5, (풍동)",36.93502602,127.9154946,단독,벽돌구조,1982,1등급,2025-06-30
충청북도,충주시,풍동,"충청북도 충주시 하풍3길 23, (풍동)",36.93548839,127.9069959,단독,벽돌구조,1946,3등급,2025-06-30
충청북도,충주시,풍동,"충청북도 충주시 풍동동막길 247, (풍동)",36.92495806,127.9012279,단독,철근콘크리트구조,2000,2등급,2025-06-30
충청북도,충주시,용관동,"충청북도 충주시 상용관3길 20-1, (용관동)",36.95773376,127.8812767,단독,일반목구조,1939,2등급,2025-06-30
충청북도,충주시,용관동,"충청북도 충주시 두담2길 13, (용관동)",36.95156424,127.8848792,단독,블록구조,1972,1등급,2025-06-30
충청북도,충주시,용관동,"충청북도 충주시 두담2길 23, (용관동)",36.95260057,127.8848664,단독,일반목구조,1972,3등급,2025-06-30
충청북도,충주시,용관동,"충청북도 충주시 창현로 1353, (용관동)",36.95253805,127.8854504,단독,블록구조,1972,2등급,2025-06-30
충청북도,충주시,용관동,"충청북도 충주시 두담4길 8, (용관동)",36.95176326,127.8856761,단독,블록구조,1970,2등급,2025-06-30
충청북도,충주시,용관동,"충청북도 충주시 두담1길 64, (용관동)",36.94910371,127.8845348,단독,벽돌구조,1952,2등급,2025-06-30
충청북도,충주시,달천동,"충청북도 충주시 달신2길 11, (달천동)",36.96650541,127.9052517,단독,블록구조,1972,2등급,2025-06-30
충청북도,충주시,달천동,"충청북도 충주시 벌터2길 53-4, (달천동)",36.96546482,127.9000084,단독,블록구조,1972,2등급,2025-06-30
충청북도,충주시,달천동,"충청북도 충주시 중원대로 3608-1, (달천동)",36.96577487,127.9045114,단독,벽돌구조,1972,1등급,2025-06-30
충청북도,충주시,달천동,"충청북도 충주시 달신5길 17-7, (달천동)",36.96293522,127.9033021,단독,일반목구조,1972,2등급,2025-06-30
충청북도,충주시,달천동,"충청북도 충주시 곤평2길 9, (달천동)",36.95630847,127.89947,단독,블록구조,1972,1등급,2025-06-30
충청북도,충주시,달천동,"충청북도 충주시 곤평2길 1, (달천동)",36.95603771,127.8989763,단독,일반목구조,1965,1등급,2025-06-30
충청북도,충주시,달천동,"충청북도 충주시 원달천1길 27-11, (달천동)",36.96057937,127.8986896,단독,블록구조,1972,2등급,2025-06-30
충청북도,충주시,달천동,"충청북도 충주시 원달천1길 27-8, (달천동)",36.96026392,127.8986339,단독,블록구조,1972,2등급,2025-06-30
충청북도,충주시,달천동,"충청북도 충주시 원달천3길 18, (달천동)",36.9603724,127.8990492,단독,블록구조,1972,3등급,2025-06-30
충청북도,충주시,달천동,"충청북도 충주시 벌터1길 23, (달천동)",36.96351453,127.895575,단독,블록구조,1972,3등급,2025-06-30
충청북도,충주시,달천동,"충청북도 충주시 송림길 130-1, (달천동)",36.95132718,127.8916166,단독,벽돌구조,1972,1등급,2025-06-30
충청북도,충주시,달천동,"충청북도 충주시 송림길 129-1, (달천동)",36.95151686,127.8920991,단독,일반목구조,1972,1등급,2025-06-30
충청북도,충주시,봉방동,"충청북도 충주시 무학1길 32, (봉방동)",36.97372154,127.9281331,단독,일반목구조,1950,2등급,2025-06-30
충청북도,충주시,봉방동,"충청북도 충주시 삼원로 117, (봉방동)",36.97636815,127.9235142,그 외,미상,,2등급,2025-06-30
충청북도,충주시,봉방동,"충청북도 충주시 봉방4길 41, (봉방동)",36.97461816,127.9208316,단독,블록구조,1965,2등급,2025-06-30
충청북도,충주시,봉방동,"충청북도 충주시 봉방4길 41-1, (봉방동)",36.97473521,127.9206854,그 외,미상,,2등급,2025-06-30
충청북도,충주시,봉방동,"충청북도 충주시 봉방12길 4-1, (봉방동)",36.97452658,127.9186415,단독,기타조적구조,1930,1등급,2025-06-30
충청북도,충주시,봉방동,"충청북도 충주시 상방13길 7-3, (봉방동)",36.97257734,127.9147012,단독,블록구조,1973,3등급,2025-06-30
충청북도,충주시,봉방동,"충청북도 충주시 상방13길 7-3, (봉방동)",36.97257734,127.9147012,단독,블록구조,1973,2등급,2025-06-30
충청북도,충주시,봉방동,"충청북도 충주시 하방1길 47-2, (봉방동)",36.97638397,127.9074861,단독,블록구조,1972,2등급,2025-06-30
충청북도,충주시,칠금동,"충청북도 충주시 금대1길 2, (칠금동)",36.98577035,127.902667,단독,블록구조,1972,1등급,2025-06-30
충청북도,충주시,칠금동,"충청북도 충주시 탄금대로 302, (칠금동)",36.98584853,127.8991171,단독,경량철골구조,1995,1등급,2025-06-30
충청북도,충주시,칠금동,"충청북도 충주시 탄금대안길 9, (칠금동)",36.98636365,127.9008689,단독,벽돌구조,1949,3등급,2025-06-30
충청북도,충주시,연수동,"충청북도 충주시 금곡2길 12-4, (연수동)",36.99215034,127.9452148,단독,일반목구조,1952,1등급,2025-06-30
충청북도,충주시,연수동,"충청북도 충주시 금곡2길 9, (연수동)",36.99180782,127.9450465,그 외,미상,,2등급,2025-06-30
충청북도,충주시,목행동,"충청북도 충주시 서흥1길 20, (목행동)",37.0136162,127.9281299,그 외,벽돌구조,1983,2등급,2025-06-30
충청북도,충주시,목행동,"충청북도 충주시 서흥1길 17, (목행동)",37.01400357,127.9279161,그 외,미상,,2등급,2025-06-30
충청북도,충주시,목행동,"충청북도 충주시 서흥1길 45-1, (목행동)",37.01391505,127.9306469,단독,벽돌구조,1981,1등급,2025-06-30
충청북도,충주시,목행동,"충청북도 충주시 서흥1길 27-16, (목행동)",37.01419326,127.9286688,단독,벽돌구조,1960,3등급,2025-06-30
충청북도,충주시,목행동,"충청북도 충주시 서흥1길 27-14, (목행동)",37.01397694,127.9286016,단독,벽돌구조,1960,3등급,2025-06-30
충청북도,충주시,목행동,"충청북도 충주시 서흥1길 27-10, (목행동)",37.01396801,127.9287364,단독,벽돌구조,1961,3등급,2025-06-30
충청북도,충주시,목행동,"충청북도 충주시 서흥2길 13-8, (목행동)",37.01467235,127.9312193,단독,블록구조,1985,2등급,2025-06-30
충청북도,충주시,목행동,"충청북도 충주시 서흥2길 13-12, (목행동)",37.01441107,127.9313207,단독,벽돌구조,1960,2등급,2025-06-30
충청북도,충주시,목행동,"충청북도 충주시 서흥2길 5, (목행동)",37.01452834,127.9315341,단독,벽돌구조,1985,1등급,2025-06-30
충청북도,충주시,목행동,"충청북도 충주시 행정6길 23, (목행동)",37.01277361,127.9209163,단독,벽돌구조,1971,2등급,2025-06-30
충청북도,충주시,목행동,"충청북도 충주시 행정8길 48-1, (목행동)",37.01301681,127.9207475,단독,벽돌구조,2002,1등급,2025-06-30
충청북도,충주시,목행동,"충청북도 충주시 행정6길 14, (목행동)",37.01216018,127.9199505,단독,벽돌구조,1980,1등급,2025-06-30
충청북도,충주시,용탄동,"충청북도 충주시 사래실길 58-23, (용탄동)",37.01145197,127.9665407,단독,벽돌구조,1976,2등급,2025-06-30
충청북도,충주시,용탄동,"충청북도 충주시 절골길 175, (용탄동)",37.00227679,127.9619603,단독,벽돌구조,1900,3등급,2025-06-30
충청북도,충주시,종민동,"충청북도 충주시 충주호수로 1122, (종민동)",36.9809157,127.9944107,단독,경량철골구조,1991,1등급,2025-06-30
충청북도,충주시,종민동,"충청북도 충주시 충주호수로 1064-1, (종민동)",36.98568292,127.9958146,단독,경량철골구조,2002,1등급,2025-06-30
충청북도,충주시,종민동,"충청북도 충주시 충주호수로 1016-11, (종민동)",36.98922449,127.9949382,단독,벽돌구조,1984,1등급,2025-06-30
충청북도,충주시,종민동,"충청북도 충주시 종민텃골길 8-24, (종민동)",36.99924538,127.9928817,단독,벽돌구조,1986,3등급,2025-06-30
충청북도,충주시,종민동,"충청북도 충주시 종민1길 138, (종민동)",37.00569704,127.9845887,단독,벽돌구조,1985,2등급,2025-06-30
충청북도,충주시,종민동,"충청북도 충주시 종민2길 17, (종민동)",37.00967054,127.9799921,단독,벽돌구조,1985,2등급,2025-06-30
충청북도,충주시,종민동,"충청북도 충주시 종민2길 10-10, (종민동)",37.01084188,127.9789355,단독,경량철골구조,2011,1등급,2025-06-30
충청북도,충주시,안림동,"충청북도 충주시 약막3길 14, (안림동)",36.97496334,127.9651633,단독,블록구조,1984,2등급,2025-06-30
충청북도,충주시,안림동,"충청북도 충주시 약막길 49, (안림동)",36.97388221,127.9661409,단독,블록구조,1973,3등급,2025-06-30
충청북도,충주시,안림동,"충청북도 충주시 어림1길 15-1, (안림동)",36.97143592,127.9535292,단독,벽돌구조,1984,3등급,2025-06-30
충청북도,충주시,안림동,"충청북도 충주시 안심2길 15, (안림동)",36.97701506,127.9559745,단독,벽돌구조,1961,2등급,2025-06-30
충청북도,충주시,안림동,"충청북도 충주시 안심1길 107, (안림동)",36.97970181,127.9596573,그 외,미상,,2등급,2025-06-30
충청북도,충주시,안림동,"충청북도 충주시 번던1길 22-13, (안림동)",36.96966377,127.9627846,그 외,미상,,2등급,2025-06-30
충청북도,충주시,목벌동,"충청북도 충주시 진의실길 32, (목벌동)",36.96039566,127.988213,단독,벽돌구조,1927,1등급,2025-06-30
충청북도,충주시,지현동,"충청북도 충주시 지현천변1길 47-2, (지현동)",36.968488,127.932035,단독,일반목구조,1956,2등급,2025-06-30
충청북도,충주시,지현동,"충청북도 충주시 지곡16길 15, (지현동)",36.96717173,127.9310478,단독,블록구조,1978,2등급,2025-06-30
충청북도,충주시,지현동,"충청북도 충주시 지현천변1길 17-3, (지현동)",36.96620843,127.9327445,단독,벽돌구조,1933,3등급,2025-06-30
충청북도,충주시,지현동,"충청북도 충주시 지곡6길 21-1, (지현동)",36.96436071,127.9321734,단독,블록구조,1972,2등급,2025-06-30
충청북도,충주시,지현동,"충청북도 충주시 예성로 62-1, (지현동)",36.96275696,127.9327699,단독,벽돌구조,1979,1등급,2025-06-30
충청북도,충주시,지현동,"충청북도 충주시 예성로 60-3, (지현동)",36.96266695,127.9329609,단독,일반목구조,1967,1등급,2025-06-30
충청북도,충주시,문화동,"충청북도 충주시 중앙로 30-2, (문화동)",36.97257609,127.926528,그 외,미상,,3등급,2025-06-30
충청북도,충주시,문화동,"충청북도 충주시 사직산8길 53-1, (문화동)",36.97239617,127.9270336,그 외,벽돌구조,1976,2등급,2025-06-30
충청북도,충주시,문화동,"충청북도 충주시 성터5길 34, (문화동)",36.97149132,127.9211717,단독,벽돌구조,1949,3등급,2025-06-30
충청북도,충주시,문화동,"충청북도 충주시 성터5길 30, (문화동)",36.97150027,127.9210818,단독,벽돌구조,1975,2등급,2025-06-30
충청북도,충주시,문화동,"충청북도 충주시 성터5길 26-5, (문화동)",36.97130206,127.9211494,단독,벽돌구조,1948,3등급,2025-06-30
충청북도,충주시,문화동,"충청북도 충주시 성터5길 26, (문화동)",36.97132884,127.9207563,단독,벽돌구조,1965,2등급,2025-06-30
충청북도,충주시,문화동,"충청북도 충주시 사직산19길 11, (문화동)",36.97140317,127.9242492,단독,일반목구조,1954,2등급,2025-06-30
충청북도,충주시,문화동,"충청북도 충주시 사직산8길 45-2, (문화동)",36.97181939,127.9269892,단독,일반목구조,1965,2등급,2025-06-30
충청북도,충주시,문화동,"충청북도 충주시 사직산14길 5, (문화동)",36.97014161,127.9243739,단독,벽돌구조,1978,1등급,2025-06-30
충청북도,충주시,문화동,"충청북도 충주시 사직산14길 21-1, (문화동)",36.97026003,127.9264291,단독,벽돌구조,1965,2등급,2025-06-30
충청북도,충주시,문화동,"충청북도 충주시 사직로 119-4, (문화동)",36.96784467,127.926072,단독,벽돌구조,1978,1등급,2025-06-30
충청북도,충주시,문화동,"충청북도 충주시 사직산12길 34-6, (문화동)",36.96844914,127.9271945,단독,벽돌구조,1968,1등급,2025-06-30
충청북도,충주시,문화동,"충청북도 충주시 사직산11길 36-5, (문화동)",36.96794511,127.9282395,단독,벽돌구조,1973,2등급,2025-06-30
충청북도,충주시,문화동,"충청북도 충주시 사직산11길 36, (문화동)",36.96805327,127.9282843,단독,벽돌구조,1970,2등급,2025-06-30
충청북도,충주시,문화동,"충청북도 충주시 사직산11길 42-3, (문화동)",36.96801769,127.9290705,그 외,벽돌구조,1962,1등급,2025-06-30
충청북도,충주시,문화동,"충청북도 충주시 사직산9길 3-9, (문화동)",36.96784649,127.9291043,단독,벽돌구조,1970,2등급,2025-06-30
충청북도,충주시,문화동,"충청북도 충주시 사직산12길 40-4, (문화동)",36.96861167,127.9277335,그 외,벽돌구조,1973,1등급,2025-06-30
충청북도,충주시,문화동,"충청북도 충주시 사직산11길 37-10, (문화동)",36.96849498,127.9285085,단독,벽돌구조,1972,2등급,2025-06-30
충청북도,충주시,문화동,"충청북도 충주시 사직산9길 6-1, (문화동)",36.96808117,127.9297555,단독,벽돌구조,1971,2등급,2025-06-30
충청북도,충주시,문화동,"충청북도 충주시 청운로 76-1, (문화동)",36.96715337,127.9304526,단독,벽돌구조,1950,1등급,2025-06-30
충청북도,충주시,금릉동,"충청북도 충주시 쇠저울1길 10-6, (금릉동)",36.98803805,127.9231433,그 외,미상,,2등급,2025-06-30
충청북도,충주시,금릉동,"충청북도 충주시 응골1길 49-2, (금릉동)",36.99662879,127.9273816,단독,벽돌구조,1966,2등급,2025-06-30
충청북도,충주시,금릉동,"충청북도 충주시 응골1길 49-4, (금릉동)",36.99676388,127.9272355,단독,일반목구조,1952,2등급,2025-06-30
충청북도,충주시,금릉동,"충청북도 충주시 쇠저울2길 55, (금릉동)",36.98973059,127.9205915,단독,경량철골구조,1997,2등급,2025-06-30
충청북도,충주시,금릉동,"충청북도 충주시 쇠저울2길 35-11, (금릉동)",36.98884706,127.9200082,단독,벽돌구조,1962,2등급,2025-06-30
충청북도,충주시,금릉동,"충청북도 충주시 응골1길 49-12, (금릉동)",36.9962768,127.9265056,그 외,미상,,1등급,2025-06-30
충청북도,충주시,주덕읍,"충청북도 충주시 주덕읍 새터마치길 48, (신양리)",36.97173148,127.7961552,단독,블록구조,1972,3등급,2025-06-30
충청북도,충주시,주덕읍,"충청북도 충주시 주덕읍 새터골뒷길 90, (신양리)",36.97212994,127.7972997,단독,벽돌구조,1965,2등급,2025-06-30
충청북도,충주시,주덕읍,"충청북도 충주시 주덕읍 청양새터길 8-8, (신양리)",36.95964014,127.7922905,단독,철근콘크리트구조,1996,2등급,2025-06-30
충청북도,충주시,주덕읍,"충청북도 충주시 주덕읍 대창길 265-6, (창전리)",36.97251116,127.7690067,단독,벽돌구조,1907,2등급,2025-06-30
충청북도,충주시,주덕읍,"충청북도 충주시 주덕읍 대곡길 56, (대곡리)",36.96547172,127.7683315,그 외,미상,,3등급,2025-06-30
충청북도,충주시,주덕읍,"충청북도 충주시 주덕읍 청미길 50, (삼청리)",36.95957439,127.7907635,단독,벽돌구조,1935,2등급,2025-06-30
충청북도,충주시,주덕읍,"충청북도 충주시 주덕읍 청미길 42-15, (삼청리)",36.95961867,127.7903142,그 외,미상,,2등급,2025-06-30
충청북도,충주시,주덕읍,"충청북도 충주시 주덕읍 능말3길 5, (삼청리)",36.95637838,127.782429,단독,벽돌구조,1905,2등급,2025-06-30
충청북도,충주시,주덕읍,"충청북도 충주시 주덕읍 능말3길 9-1, (삼청리)",36.95647653,127.7818897,단독,벽돌구조,1915,2등급,2025-06-30
충청북도,충주시,주덕읍,"충청북도 충주시 주덕읍 능말3길 11, (삼청리)",36.95679273,127.7823267,단독,일반목구조,1945,3등급,2025-06-30
충청북도,충주시,주덕읍,"충청북도 충주시 주덕읍 능말1길 14, (삼청리)",36.95809109,127.7826936,단독,벽돌구조,1958,1등급,2025-06-30
충청북도,충주시,주덕읍,"충청북도 충주시 주덕읍 능말1길 12, (삼청리)",36.95812758,127.7829406,단독,벽돌구조,1915,3등급,2025-06-30
충청북도,충주시,주덕읍,"충청북도 충주시 주덕읍 능말1길 18-5, (삼청리)",36.9586322,127.7829167,그 외,미상,,2등급,2025-06-30
충청북도,충주시,주덕읍,"충청북도 충주시 주덕읍 어래산길 87, (삼청리)",36.95323669,127.7893547,단독,기타조적구조,1996,1등급,2025-06-30
충청북도,충주시,주덕읍,"충청북도 충주시 주덕읍 어래산길 158, (삼청리)",36.94877496,127.7837866,단독,벽돌구조,1944,3등급,2025-06-30
충청북도,충주시,주덕읍,"충청북도 충주시 주덕읍 묵동1길 53, (삼청리)",36.94888241,127.7834045,그 외,미상,,3등급,2025-06-30
충청북도,충주시,주덕읍,"충청북도 충주시 주덕읍 묵동1길 53, (삼청리)",36.94888241,127.7834045,그 외,미상,,2등급,2025-06-30
충청북도,충주시,주덕읍,"충청북도 충주시 주덕읍 배나무골길 5-6, (삼청리)",36.95107568,127.7803443,그 외,미상,,2등급,2025-06-30
충청북도,충주시,주덕읍,"충청북도 충주시 주덕읍 배나무골길 5-2, (삼청리)",36.95131038,127.7805569,그 외,미상,,2등급,2025-06-30
충청북도,충주시,주덕읍,"충청북도 충주시 주덕읍 배나무골길 5-4, (삼청리)",36.95116619,127.7805573,단독,벽돌구조,1971,2등급,2025-06-30
충청북도,충주시,주덕읍,"충청북도 충주시 주덕읍 삼방1길 26-4, (삼청리)",36.94355705,127.7739774,그 외,미상,,1등급,2025-06-30
충청북도,충주시,주덕읍,"충청북도 충주시 주덕읍 화곡1길 121, (화곡리)",36.98602807,127.8039807,단독,블록구조,1975,2등급,2025-06-30
충청북도,충주시,주덕읍,"충청북도 충주시 주덕읍 제내사락길 268-6, (사락리)",37.00816042,127.8038232,단독,벽돌구조,1910,1등급,2025-06-30
충청북도,충주시,주덕읍,"충청북도 충주시 주덕읍 풍덕안길 45, (제내리)",36.99730842,127.7868746,단독,벽돌구조,1943,2등급,2025-06-30
충청북도,충주시,주덕읍,"충청북도 충주시 주덕읍 풍덕안길 47, (제내리)",36.99742569,127.7869417,단독,벽돌구조,1927,2등급,2025-06-30
충청북도,충주시,주덕읍,"충청북도 충주시 주덕읍 풍덕안길 32, (제내리)",36.99626203,127.7862933,단독,일반목구조,1907,3등급,2025-06-30
충청북도,충주시,주덕읍,"충청북도 충주시 주덕읍 못안길 8-4, (장록리)",37.00654153,127.7702303,그 외,미상,,3등급,2025-06-30
충청북도,충주시,주덕읍,"충청북도 충주시 주덕읍 장록당우길 308, (장록리)",36.99301154,127.777899,단독,벽돌구조,1976,2등급,2025-06-30
충청북도,충주시,주덕읍,충청북도 충주시 양달말길 ,37.01448001,127.7698357,단독,벽돌구조,1982,3등급,2025-06-30
충청북도,충주시,주덕읍,"충청북도 충주시 주덕읍 조동길 18-1, (덕련리)",37.01604631,127.7689432,단독,벽돌구조,1877,2등급,2025-06-30
충청북도,충주시,주덕읍,"충청북도 충주시 주덕읍 장록당우길 43-21, (당우리)",36.99901984,127.7536694,단독,벽돌구조,1992,1등급,2025-06-30
충청북도,충주시,주덕읍,"충청북도 충주시 주덕읍 장록당우길 43-17, (당우리)",36.99927143,127.7533091,단독,벽돌구조,1978,2등급,2025-06-30
충청북도,충주시,주덕읍,"충청북도 충주시 주덕읍 장록당우길 43-11, (당우리)",36.99937894,127.7530054,단독,일반목구조,1915,2등급,2025-06-30
충청북도,충주시,주덕읍,"충청북도 충주시 주덕읍 장록당우길 17, (당우리)",36.99983155,127.7496557,단독,기타조적구조,1925,3등급,2025-06-30
충청북도,충주시,살미면,"충청북도 충주시 살미면 물멕이길 9-4, (세성리)",36.90675067,127.9565523,그 외,미상,,2등급,2025-06-30
충청북도,충주시,살미면,"충청북도 충주시 살미면 중원대로 2520, (세성리)",36.90906492,127.9517816,단독,벽돌구조,1960,2등급,2025-06-30
충청북도,충주시,살미면,"충청북도 충주시 살미면 중원대로 2518, (세성리)",36.90879463,127.9519613,단독,벽돌구조,1924,2등급,2025-06-30
충청북도,충주시,살미면,"충청북도 충주시 살미면 독덕길 7, (세성리)",36.91411069,127.9497247,단독,일반목구조,1956,2등급,2025-06-30
충청북도,충주시,살미면,"충청북도 충주시 살미면 독덕길 1, (세성리)",36.91424558,127.94904,단독,일반목구조,1952,2등급,2025-06-30
충청북도,충주시,살미면,"충청북도 충주시 살미면 매남이길 381, (신매리)",36.91789666,128.001137,단독,벽돌구조,1984,2등급,2025-06-30
충청북도,충주시,살미면,"충청북도 충주시 살미면 공이송정1길 23, (공이리)",36.88435622,128.0408833,단독,일반목구조,1921,3등급,2025-06-30
충청북도,충주시,살미면,"충청북도 충주시 살미면 공이동길 505-7, (공이리)",36.88170791,128.037449,그 외,미상,,3등급,2025-06-30
충청북도,충주시,살미면,"충청북도 충주시 살미면 공이동길 508-4, (공이리)",36.88213179,128.036462,그 외,미상,,1등급,2025-06-30
충청북도,충주시,살미면,"충청북도 충주시 살미면 공이동길 508-12, (공이리)",36.88248337,128.0360696,단독,일반목구조,1995,3등급,2025-06-30
충청북도,충주시,살미면,"충청북도 충주시 살미면 내사5길 15, (내사리)",36.89966513,128.0113473,단독,일반목구조,1951,1등급,2025-06-30
충청북도,충주시,살미면,"충청북도 충주시 살미면 내사2길 53, (내사리)",36.89777301,128.0074198,단독,기타조적구조,1930,2등급,2025-06-30
충청북도,충주시,살미면,"충청북도 충주시 살미면 용천길 20-2, (용천리)",36.89695283,127.9884797,단독,벽돌구조,1924,3등급,2025-06-30
충청북도,충주시,살미면,"충청북도 충주시 살미면 용천길 5, (용천리)",36.89653822,127.9877055,단독,벽돌구조,1986,2등급,2025-06-30
충청북도,충주시,살미면,"충청북도 충주시 살미면 매남이길 161-21, (설운리)",36.90849616,127.9815093,단독,일반목구조,1960,2등급,2025-06-30
충청북도,충주시,살미면,"충청북도 충주시 살미면 대향산길 157, (향산리)",36.92951335,127.9535988,단독,일반목구조,1914,2등급,2025-06-30
충청북도,충주시,살미면,"충청북도 충주시 살미면 대향산길 113-8, (향산리)",36.92851148,127.9496482,단독,벽돌구조,1895,2등급,2025-06-30
충청북도,충주시,살미면,"충청북도 충주시 살미면 대향산길 109-1, (향산리)",36.92789849,127.9491771,단독,벽돌구조,1920,2등급,2025-06-30
충청북도,충주시,살미면,"충청북도 충주시 살미면 대향산길 107-14, (향산리)",36.92790705,127.9480995,단독,일반목구조,1920,3등급,2025-06-30
충청북도,충주시,살미면,"충청북도 충주시 살미면 창골길 89, (향산리)",36.9329315,127.9392167,단독,경량철골구조,1898,1등급,2025-06-30
충청북도,충주시,살미면,"충청북도 충주시 살미면 창골길 91, (향산리)",36.93300382,127.9396657,단독,벽돌구조,1890,2등급,2025-06-30
충청북도,충주시,살미면,"충청북도 충주시 살미면 문산길 19, (문강리)",36.89213857,127.946586,단독,벽돌구조,1914,2등급,2025-06-30
충청북도,충주시,살미면,"충청북도 충주시 살미면 왕답길 34-1, (토계리)",36.89547026,127.9245361,그 외,미상,,1등급,2025-06-30
충청북도,충주시,살미면,"충청북도 충주시 살미면 왕답길 18, (토계리)",36.89334282,127.9234947,단독,경량철골구조,1992,2등급,2025-06-30
충청북도,충주시,살미면,"충청북도 충주시 살미면 자사골길 148, (토계리)",36.90048626,127.9065216,단독,블록구조,1945,2등급,2025-06-30
충청북도,충주시,수안보면,"충청북도 충주시 수안보면 온천중앙길 35-2, (온천리)",36.84591897,127.9926689,그 외,철근콘크리트구조,1963,2등급,2025-06-30
충청북도,충주시,수안보면,"충청북도 충주시 수안보면 온천천변길 3-5, (온천리)",36.84499928,127.9864682,단독,일반목구조,1955,1등급,2025-06-30
충청북도,충주시,수안보면,"충청북도 충주시 수안보면 안보복거리길 64-21, (안보리)",36.84047456,128.0166409,단독,벽돌구조,1956,2등급,2025-06-30
충청북도,충주시,수안보면,"충청북도 충주시 수안보면 뇌곡길 25-8, (안보리)",36.83270745,128.0056859,단독,일반목구조,1954,3등급,2025-06-30
충청북도,충주시,수안보면,"충청북도 충주시 수안보면 뇌곡길 25-1, (안보리)",36.83304994,128.0049572,단독,일반목구조,1956,2등급,2025-06-30
충청북도,충주시,수안보면,"충청북도 충주시 수안보면 대안보3길 9, (안보리)",36.83715048,128.0020537,그 외,경량철골구조,1995,1등급,2025-06-30
충청북도,충주시,수안보면,"충청북도 충주시 수안보면 대안보1길 45-1, (안보리)",36.83881765,128.0031413,단독,일반목구조,1925,2등급,2025-06-30
충청북도,충주시,수안보면,"충청북도 충주시 수안보면 대안보2길 26, (안보리)",36.83919612,128.0039486,단독,일반목구조,1940,3등급,2025-06-30
충청북도,충주시,수안보면,"충청북도 충주시 수안보면 발화동길 96, (화천리)",36.82241592,128.0039587,그 외,미상,,2등급,2025-06-30
충청북도,충주시,수안보면,"충청북도 충주시 수안보면 미륵송계로 416, (사문리)",36.83674335,128.048963,단독,벽돌구조,1994,1등급,2025-06-30
충청북도,충주시,수안보면,"충청북도 충주시 수안보면 미륵송계로 359-11, (사문리)",36.83825945,128.0437393,단독,일반목구조,1940,3등급,2025-06-30
충청북도,충주시,수안보면,"충청북도 충주시 수안보면 미륵송계로 332-7, (사문리)",36.8380626,128.0398375,그 외,미상,,2등급,2025-06-30
충청북도,충주시,수안보면,"충청북도 충주시 수안보면 상촌안길 55, (중산리)",36.88559834,128.0005077,단독,기타조적구조,1924,2등급,2025-06-30
충청북도,충주시,수안보면,"충청북도 충주시 수안보면 중산신촌길 105, (중산리)",36.88475122,127.9959529,그 외,일반목구조,1932,3등급,2025-06-30
충청북도,충주시,수안보면,"충청북도 충주시 수안보면 팔봉로 1199, (수회리)",36.88352149,127.9672225,단독,일반목구조,1948,2등급,2025-06-30
충청북도,충주시,수안보면,"충청북도 충주시 수안보면 중골안길 1-14, (수회리)",36.87808619,127.9630854,단독,일반목구조,1954,3등급,2025-06-30
충청북도,충주시,수안보면,"충청북도 충주시 수안보면 수회장터길 7, (수회리)",36.87941343,127.9727883,단독,블록구조,1975,1등급,2025-06-30
충청북도,충주시,수안보면,"충청북도 충주시 수안보면 수회중앙길 23-10, (수회리)",36.87987353,127.9751551,단독,벽돌구조,1978,2등급,2025-06-30
충청북도,충주시,수안보면,"충청북도 충주시 수안보면 수회중앙길 23, (수회리)",36.88040518,127.9749193,단독,일반목구조,1953,2등급,2025-06-30
충청북도,충주시,수안보면,"충청북도 충주시 수안보면 수회중앙길 16, (수회리)",36.88022474,127.9739434,단독,벽돌구조,1952,2등급,2025-06-30
충청북도,충주시,수안보면,"충청북도 충주시 수안보면 수회중앙길 13-4, (수회리)",36.8803418,127.973461,단독,벽돌구조,1985,2등급,2025-06-30
충청북도,충주시,수안보면,"충청북도 충주시 수안보면 창대이길 8-1, (수회리)",36.87870199,127.9751667,단독,블록구조,1978,2등급,2025-06-30
충청북도,충주시,대소원면,"충청북도 충주시 대소원면 중원대로 4315-4, (금곡리)",36.97121599,127.8295584,단독,일반목구조,1940,2등급,2025-06-30
충청북도,충주시,대소원면,"충청북도 충주시 대소원면 쇠실로 921, (금곡리)",36.96797011,127.8222094,단독,일반목구조,1917,2등급,2025-06-30
충청북도,충주시,대소원면,"충청북도 충주시 대소원면 장성길 22-7, (장성리)",36.96110547,127.8364534,단독,일반목구조,1910,2등급,2025-06-30
충청북도,충주시,대소원면,"충청북도 충주시 대소원면 장성길 16-43, (장성리)",36.96166276,127.8354078,그 외,미상,,1등급,2025-06-30
충청북도,충주시,대소원면,"충청북도 충주시 대소원면 수주길 12, (문주리)",36.89865987,127.8990845,단독,일반목구조,1961,2등급,2025-06-30
충청북도,충주시,대소원면,"충청북도 충주시 대소원면 하검단1길 1, (검단리)",36.97295127,127.8780186,단독,일반목구조,1942,2등급,2025-06-30
충청북도,충주시,대소원면,"충청북도 충주시 대소원면 검단중말길 39-1, (검단리)",36.97190814,127.8633521,단독,벽돌구조,1931,3등급,2025-06-30
충청북도,충주시,대소원면,"충청북도 충주시 대소원면 영평2길 11, (영평리)",36.98842671,127.8105239,그 외,미상,,2등급,2025-06-30
충청북도,충주시,신니면,"충청북도 충주시 신니면 용원1길 10, (용원리)",36.99649873,127.7377575,그 외,벽돌구조,1987,1등급,2025-06-30
충청북도,충주시,신니면,"충청북도 충주시 신니면 용원3길 8, (용원리)",36.99722147,127.7344969,단독,벽돌구조,1976,2등급,2025-06-30
충청북도,충주시,신니면,"충청북도 충주시 신니면 신덕로 755, (용원리)",36.99706777,127.7342727,단독,벽돌구조,1976,3등급,2025-06-30
충청북도,충주시,신니면,"충청북도 충주시 신니면 용원2길 34, (용원리)",36.99658469,127.7358697,단독,블록구조,1920,3등급,2025-06-30
충청북도,충주시,신니면,"충청북도 충주시 신니면 용원2길 10, (용원리)",36.99780689,127.7343488,그 외,벽돌구조,1984,3등급,2025-06-30
충청북도,충주시,신니면,"충청북도 충주시 신니면 방추1길 8-6, (화석리)",37.01022953,127.7283951,단독,블록구조,1982,3등급,2025-06-30
충청북도,충주시,신니면,"충청북도 충주시 신니면 가리골길 56-7, (화석리)",37.00907205,127.7266463,단독,벽돌구조,1986,1등급,2025-06-30
충청북도,충주시,신니면,"충청북도 충주시 신니면 방추2길 43-15, (화석리)",37.01958818,127.722563,단독,기타조적구조,1927,3등급,2025-06-30
충청북도,충주시,신니면,"충청북도 충주시 신니면 수청골길 2-2, (신청리)",37.00183835,127.7440875,단독,블록구조,1988,2등급,2025-06-30
충청북도,충주시,신니면,충청북도 충주시 신단길 ,37.01171573,127.7320644,단독,벽돌구조,1934,3등급,2025-06-30
충청북도,충주시,신니면,"충청북도 충주시 신니면 신의안길 43, (신청리)",37.01170643,127.735975,단독,벽돌구조,1977,2등급,2025-06-30
충청북도,충주시,신니면,"충청북도 충주시 신니면 귀룡길 12-5, (문숭리)",37.00905723,127.7202526,단독,벽돌구조,1962,2등급,2025-06-30
충청북도,충주시,신니면,"충청북도 충주시 신니면 귀룡길 25, (문숭리)",37.01015587,127.7199227,단독,벽돌구조,1964,2등급,2025-06-30
충청북도,충주시,신니면,"충청북도 충주시 신니면 내포1길 24, (문숭리)",37.00476539,127.7192682,단독,벽돌구조,1927,1등급,2025-06-30
충청북도,충주시,신니면,"충청북도 충주시 신니면 숭선길 92, (문숭리)",37.02286091,127.7008265,그 외,미상,,3등급,2025-06-30
충청북도,충주시,신니면,"충청북도 충주시 신니면 동락1길 12-3, (문락리)",37.00433151,127.6862019,단독,경량철골구조,2010,2등급,2025-06-30
충청북도,충주시,신니면,"충청북도 충주시 신니면 동락길 286-32, (문락리)",37.0224696,127.6819468,단독,일반목구조,1920,2등급,2025-06-30
충청북도,충주시,신니면,"충청북도 충주시 신니면 수월3길 23, (광월리)",36.99943533,127.655774,단독,벽돌구조,1984,2등급,2025-06-30
충청북도,충주시,신니면,"충청북도 충주시 신니면 수월2길 100, (광월리)",36.99593616,127.6579805,단독,벽돌구조,1985,2등급,2025-06-30
충청북도,충주시,신니면,"충청북도 충주시 신니면 마제학성길 26-10, (마수리)",36.98173295,127.7481309,단독,블록구조,1947,2등급,2025-06-30
충청북도,충주시,신니면,"충청북도 충주시 신니면 거석길 30, (마수리)",36.97841022,127.7450978,단독,블록구조,1920,2등급,2025-06-30
충청북도,충주시,신니면,"충청북도 충주시 신니면 거석길 28, (마수리)",36.97863551,127.7450971,단독,벽돌구조,1910,2등급,2025-06-30
충청북도,충주시,신니면,"충청북도 충주시 신니면 거석길 32, (마수리)",36.97815802,127.7451548,단독,벽돌구조,1910,3등급,2025-06-30
충청북도,충주시,신니면,"충청북도 충주시 신니면 신덕로 961, (견학리)",36.99000306,127.7555519,단독,블록구조,1978,2등급,2025-06-30
충청북도,충주시,신니면,"충청북도 충주시 신니면 신덕로 982, (견학리)",36.98844762,127.7573093,단독,블록구조,1974,1등급,2025-06-30
충청북도,충주시,신니면,"충청북도 충주시 신니면 마제학성길 114-4, (견학리)",36.98566682,127.7547569,단독,벽돌구조,1979,2등급,2025-06-30
충청북도,충주시,신니면,"충청북도 충주시 신니면 마제학성길 103, (견학리)",36.98538561,127.7538591,그 외,미상,,2등급,2025-06-30
충청북도,충주시,신니면,"충청북도 충주시 신니면 마제학성길 93, (견학리)",36.98454702,127.7536147,단독,벽돌구조,1950,2등급,2025-06-30
충청북도,충주시,신니면,"충청북도 충주시 신니면 마제학성길 90, (견학리)",36.98403341,127.7536388,그 외,미상,,3등급,2025-06-30
충청북도,충주시,노은면,"충청북도 충주시 노은면 보련골길 57-5, (연하리)",37.05117267,127.7639242,단독,일반목구조,1947,2등급,2025-06-30
충청북도,충주시,노은면,"충청북도 충주시 노은면 상입장길 73, (연하리)",37.0524228,127.7581863,단독,기타조적구조,1977,3등급,2025-06-30
충청북도,충주시,노은면,"충청북도 충주시 노은면 상입장길 75, (연하리)",37.05257508,127.7577361,그 외,일반목구조,1928,2등급,2025-06-30
충청북도,충주시,노은면,"충청북도 충주시 노은면 상입장길 71, (연하리)",37.05217878,127.7578385,단독,기타조적구조,1917,2등급,2025-06-30
충청북도,충주시,노은면,"충청북도 충주시 노은면 감노로 1099-4, (안락리)",37.05147584,127.7207161,단독,벽돌구조,1930,2등급,2025-06-30
충청북도,충주시,노은면,"충청북도 충주시 노은면 안락용당길 10, (안락리)",37.0520162,127.7167566,단독,일반목구조,1950,2등급,2025-06-30
충청북도,충주시,노은면,"충청북도 충주시 노은면 안락안골1길 88, (안락리)",37.04352025,127.7175749,단독,기타조적구조,1936,3등급,2025-06-30
충청북도,충주시,노은면,"충청북도 충주시 노은면 가신1길 47, (가신리)",37.05308246,127.7257023,그 외,미상,,3등급,2025-06-30
충청북도,충주시,노은면,"충청북도 충주시 노은면 가신3길 4, (가신리)",37.06528775,127.7233871,단독,일반목구조,1930,3등급,2025-06-30
충청북도,충주시,노은면,"충청북도 충주시 노은면 감노로 1362-10, (문성리)",37.04730315,127.7489387,그 외,미상,,1등급,2025-06-30
충청북도,충주시,노은면,"충청북도 충주시 노은면 감노로 1351-12, (문성리)",37.04913934,127.7479096,단독,기타조적구조,1927,2등급,2025-06-30
충청북도,충주시,노은면,"충청북도 충주시 노은면 천룡길 85, (수룡리)",37.05473478,127.7998477,단독,일반목구조,1900,1등급,2025-06-30
충청북도,충주시,앙성면,"충청북도 충주시 앙성면 갈치3길 9, (용포리)",37.12134464,127.7460737,그 외,미상,,2등급,2025-06-30
충청북도,충주시,앙성면,"충청북도 충주시 앙성면 영죽후곡2길 58-3, (영죽리)",37.14855344,127.7746109,그 외,미상,,2등급,2025-06-30
충청북도,충주시,앙성면,"충청북도 충주시 앙성면 저전1길 137-20, (중전리)",37.16694458,127.7306533,단독,벽돌구조,,3등급,2025-06-30
충청북도,충주시,앙성면,"충청북도 충주시 앙성면 저전1길 144, (중전리)",37.16784586,127.7307177,단독,일반목구조,1923,3등급,2025-06-30
충청북도,충주시,앙성면,"충청북도 충주시 앙성면 저전1길 142-3, (중전리)",37.16814415,127.731122,단독,일반목구조,1937,2등급,2025-06-30
충청북도,충주시,앙성면,"충청북도 충주시 앙성면 샘말길 16, (모점리)",37.16214589,127.7449247,그 외,미상,,2등급,2025-06-30
충청북도,충주시,앙성면,"충청북도 충주시 앙성면 모점2길 37-2, (모점리)",37.15878132,127.7392276,단독,일반목구조,,2등급,2025-06-30
충청북도,충주시,앙성면,"충청북도 충주시 앙성면 모점2길 40-5, (모점리)",37.15946766,127.7399008,단독,일반목구조,1957,3등급,2025-06-30
충청북도,충주시,앙성면,"충청북도 충주시 앙성면 삼당1길 87-5, (지당리)",37.11826997,127.7249734,단독,일반목구조,1974,2등급,2025-06-30
충청북도,충주시,앙성면,"충청북도 충주시 앙성면 복성길 6-10, (지당리)",37.11043723,127.7203321,단독,기타조적구조,1960,3등급,2025-06-30
충청북도,충주시,앙성면,"충청북도 충주시 앙성면 상대촌1길 11-31, (지당리)",37.09559047,127.7144803,단독,일반목구조,,2등급,2025-06-30
충청북도,충주시,앙성면,"충청북도 충주시 앙성면 산전장수2길 5-6, (돈산리)",37.09824595,127.7862791,단독,기타조적구조,1978,2등급,2025-06-30
충청북도,충주시,앙성면,"충청북도 충주시 앙성면 산전장수2길 9, (돈산리)",37.09810225,127.7865495,단독,블록구조,1973,2등급,2025-06-30
충청북도,충주시,중앙탑면,"충청북도 충주시 중앙탑면 중앙탑길 217-1, (탑평리)",37.02681978,127.858714,단독,블록구조,1973,2등급,2025-06-30
충청북도,충주시,중앙탑면,"충청북도 충주시 중앙탑면 중앙탑길 221-10, (탑평리)",37.02701691,127.8577583,단독,일반목구조,1946,3등급,2025-06-30
충청북도,충주시,중앙탑면,"충청북도 충주시 중앙탑면 인담길 8-1, (탑평리)",37.02482909,127.8594595,그 외,블록구조,1972,2등급,2025-06-30
충청북도,충주시,중앙탑면,"충청북도 충주시 중앙탑면 인담길 16, (탑평리)",37.02503608,127.8592231,단독,블록구조,1972,2등급,2025-06-30
충청북도,충주시,중앙탑면,"충청북도 충주시 중앙탑면 봉황능바우2길 25-4, (봉황리)",37.07367202,127.8316592,단독,블록구조,1972,2등급,2025-06-30
충청북도,충주시,중앙탑면,"충청북도 충주시 중앙탑면 봉황능바우2길 21-12, (봉황리)",37.07353752,127.8321431,단독,블록구조,1972,1등급,2025-06-30
충청북도,충주시,중앙탑면,"충청북도 충주시 중앙탑면 봉황능바우2길 27-2, (봉황리)",37.07366256,127.8313443,단독,블록구조,1972,2등급,2025-06-30
충청북도,충주시,중앙탑면,"충청북도 충주시 중앙탑면 원골길 21, (가흥리)",37.06268405,127.8497986,그 외,미상,,2등급,2025-06-30
충청북도,충주시,중앙탑면,"충청북도 충주시 중앙탑면 가흥신대2길 49, (가흥리)",37.0730314,127.8443802,단독,블록구조,1972,3등급,2025-06-30
충청북도,충주시,중앙탑면,"충청북도 충주시 중앙탑면 가흥신대1길 40-16, (가흥리)",37.07250117,127.8455059,단독,일반목구조,1956,2등급,2025-06-30
충청북도,충주시,중앙탑면,"충청북도 충주시 중앙탑면 가흥신대1길 45, (가흥리)",37.07337665,127.8465612,그 외,미상,,3등급,2025-06-30
충청북도,충주시,중앙탑면,"충청북도 충주시 중앙탑면 원골길 13, (가흥리)",37.06340506,127.8498647,단독,벽돌구조,1973,1등급,2025-06-30
충청북도,충주시,중앙탑면,"충청북도 충주시 중앙탑면 원골길 27, (가흥리)",37.06237793,127.8500128,그 외,미상,,3등급,2025-06-30
충청북도,충주시,중앙탑면,"충청북도 충주시 중앙탑면 장천1길 80, (장천리)",37.06834534,127.8751238,그 외,미상,,2등급,2025-06-30
충청북도,충주시,중앙탑면,"충청북도 충주시 중앙탑면 장천1길 148, (장천리)",37.06379507,127.875671,단독,일반목구조,1926,1등급,2025-06-30
충청북도,충주시,중앙탑면,"충청북도 충주시 중앙탑면 장천1길 114, (장천리)",37.06594935,127.8761735,단독,블록구조,1962,2등급,2025-06-30
충청북도,충주시,중앙탑면,"충청북도 충주시 중앙탑면 장천1길 114, (장천리)",37.06594935,127.8761735,단독,벽돌구조,1956,2등급,2025-06-30
충청북도,충주시,중앙탑면,"충청북도 충주시 중앙탑면 장천아랫말길 49, (장천리)",37.05986815,127.8691893,그 외,미상,,3등급,2025-06-30
충청북도,충주시,중앙탑면,"충청북도 충주시 중앙탑면 묘곡1길 29, (하구암리)",37.03249756,127.8445408,그 외,미상,,3등급,2025-06-30
충청북도,충주시,중앙탑면,"충청북도 충주시 중앙탑면 묘곡1길 30, (하구암리)",37.03234406,127.8443051,단독,벽돌구조,1960,2등급,2025-06-30
충청북도,충주시,중앙탑면,"충청북도 충주시 중앙탑면 잣고개길 22-13, (하구암리)",37.04483133,127.8491589,단독,벽돌구조,1953,2등급,2025-06-30
충청북도,충주시,중앙탑면,"충청북도 충주시 중앙탑면 갈동2길 12, (용전리)",37.02187564,127.8466864,그 외,미상,,3등급,2025-06-30
충청북도,충주시,중앙탑면,"충청북도 충주시 중앙탑면 갈동2길 11, (용전리)",37.02186594,127.846147,그 외,미상,,3등급,2025-06-30
충청북도,충주시,금가면,"충청북도 충주시 금가면 반송1길 22-1, (유송리)",37.00657123,127.9051354,단독,블록구조,,3등급,2025-06-30
충청북도,충주시,금가면,"충청북도 충주시 금가면 섬말2길 49, (도촌리)",37.04749502,127.92042,그 외,미상,,2등급,2025-06-30
충청북도,충주시,금가면,"충청북도 충주시 금가면 섬말1길 9-22, (도촌리)",37.04586466,127.9215347,그 외,미상,,2등급,2025-06-30
충청북도,충주시,동량면,"충청북도 충주시 동량면 장선1길 5-6, (조동리)",37.03279549,127.9894958,단독,블록구조,1984,2등급,2025-06-30
충청북도,충주시,동량면,"충청북도 충주시 동량면 호반로 198-17, (조동리)",37.02993907,127.9940595,그 외,미상,,1등급,2025-06-30
충청북도,충주시,동량면,"충청북도 충주시 동량면 장선2길 6, (조동리)",37.03170524,127.9918114,단독,벽돌구조,2009,1등급,2025-06-30
충청북도,충주시,동량면,"충청북도 충주시 동량면 장선1길 8, (조동리)",37.03238101,127.9902377,단독,기타조적구조,1957,2등급,2025-06-30
충청북도,충주시,동량면,"충청북도 충주시 동량면 소모천길 152-7, (조동리)",37.03967075,127.9836944,단독,벽돌구조,1975,2등급,2025-06-30
충청북도,충주시,동량면,"충청북도 충주시 동량면 소모천길 142, (조동리)",37.0403285,127.9829074,그 외,미상,,2등급,2025-06-30
충청북도,충주시,동량면,"충청북도 충주시 동량면 지등로 437-17, (조동리)",37.02064481,127.9703692,단독,일반목구조,1920,3등급,2025-06-30
충청북도,충주시,동량면,"충청북도 충주시 동량면 호반로 785, (하천리)",37.03132568,128.0480121,단독,경량철골구조,1989,2등급,2025-06-30
충청북도,충주시,동량면,"충청북도 충주시 동량면 호반로 751, (하천리)",37.03157953,128.0442019,단독,일반목구조,1905,2등급,2025-06-30
충청북도,충주시,동량면,"충청북도 충주시 동량면 김생로 36-24, (용교리)",37.03038301,127.9219662,단독,일반목구조,1970,2등급,2025-06-30
충청북도,충주시,동량면,"충청북도 충주시 동량면 김생로 85-1, (용교리)",37.02334234,127.9180509,그 외,미상,,1등급,2025-06-30
충청북도,충주시,동량면,"충청북도 충주시 동량면 김생로 96-7, (용교리)",37.02260288,127.9173099,단독,일반목구조,1952,3등급,2025-06-30
충청북도,충주시,동량면,"충청북도 충주시 동량면 김생로 97, (용교리)",37.02244112,127.9179619,단독,일반목구조,1953,3등급,2025-06-30
충청북도,충주시,동량면,"충청북도 충주시 동량면 김생로 104, (용교리)",37.02199037,127.9177151,그 외,미상,,2등급,2025-06-30
충청북도,충주시,동량면,"충청북도 충주시 동량면 김생로 108-1, (용교리)",37.02156683,127.9177268,단독,블록구조,1952,2등급,2025-06-30
충청북도,충주시,동량면,"충청북도 충주시 동량면 마사1길 62-16, (용교리)",37.03134289,127.9154909,그 외,미상,,3등급,2025-06-30
충청북도,충주시,동량면,"충청북도 충주시 동량면 내동1길 63, (대전리)",37.0574338,127.9530848,단독,석구조,,2등급,2025-06-30
충청북도,충주시,동량면,"충청북도 충주시 동량면 황전만호길 13-12, (대전리)",37.03348937,127.951458,그 외,미상,,2등급,2025-06-30
충청북도,충주시,동량면,"충청북도 충주시 동량면 대미길 78-1, (대전리)",37.03491122,127.929077,단독,벽돌구조,1975,2등급,2025-06-30
충청북도,충주시,동량면,"충청북도 충주시 동량면 대미안길 6, (대전리)",37.04016529,127.9296118,단독,기타조적구조,1988,1등급,2025-06-30
충청북도,충주시,동량면,"충청북도 충주시 동량면 대미안길 13-5, (대전리)",37.04073309,127.9297237,단독,일반목구조,1905,2등급,2025-06-30
충청북도,충주시,동량면,"충청북도 충주시 동량면 대미안길 7-4, (대전리)",37.040787,127.9294538,단독,일반목구조,1931,2등급,2025-06-30
충청북도,충주시,산척면,"충청북도 충주시 산척면 광동길 195-15, (송강리)",37.09484828,127.9819062,단독,블록구조,1925,2등급,2025-06-30
충청북도,충주시,산척면,"충청북도 충주시 산척면 송강행정길 100-12, (송강리)",37.07941802,127.9689753,단독,벽돌구조,1953,2등급,2025-06-30
충청북도,충주시,산척면,"충청북도 충주시 산척면 아랫강영길 18, (송강리)",37.0992792,127.9681013,단독,블록구조,1975,2등급,2025-06-30
충청북도,충주시,산척면,"충청북도 충주시 산척면 대동길 8, (송강리)",37.11029037,127.9648676,단독,벽돌구조,1960,3등급,2025-06-30
충청북도,충주시,산척면,"충청북도 충주시 산척면 송강길 298, (송강리)",37.10552295,127.9636996,그 외,미상,,2등급,2025-06-30
충청북도,충주시,산척면,"충청북도 충주시 산척면 천등박달로 292, (송강리)",37.09294302,127.9641553,단독,일반목구조,1950,3등급,2025-06-30
충청북도,충주시,산척면,"충청북도 충주시 산척면 천등박달로 117-18, (송강리)",37.07962951,127.9537464,단독,벽돌구조,1975,2등급,2025-06-30
충청북도,충주시,산척면,"충청북도 충주시 산척면 상영길 18-22, (영덕리)",37.07190145,127.9416951,단독,일반목구조,1959,2등급,2025-06-30
충청북도,충주시,산척면,"충청북도 충주시 산척면 상영길 18-32, (영덕리)",37.07195565,127.941965,단독,블록구조,1978,2등급,2025-06-30
충청북도,충주시,산척면,"충청북도 충주시 산척면 상영길 18-36, (영덕리)",37.07109947,127.9417857,단독,일반목구조,1922,2등급,2025-06-30
충청북도,충주시,산척면,"충청북도 충주시 산척면 상영길 18-44, (영덕리)",37.07066709,127.9421571,그 외,블록구조,1975,3등급,2025-06-30
충청북도,충주시,산척면,"충청북도 충주시 산척면 서곡길 50-5, (영덕리)",37.07810231,127.9267881,단독,블록구조,1978,3등급,2025-06-30
충청북도,충주시,산척면,"충청북도 충주시 산척면 삼여울길 6-1, (명서리)",37.07032381,128.0339575,단독,블록구조,1985,3등급,2025-06-30
충청북도,충주시,산척면,"충청북도 충주시 산척면 송골길 35, (석천리)",37.10609974,128.0333553,단독,일반목구조,1962,2등급,2025-06-30
충청북도,충주시,산척면,"충청북도 충주시 산척면 월천길 23, (석천리)",37.10625391,128.0298675,단독,벽돌구조,1993,2등급,2025-06-30
충청북도,충주시,엄정면,"충청북도 충주시 엄정면 향림길 183, (용산리)",37.09846124,127.9158676,단독,일반목구조,1914,2등급,2025-06-30
충청북도,충주시,엄정면,"충청북도 충주시 엄정면 막고개길 21, (율능리)",37.07051066,127.9078909,그 외,미상,,3등급,2025-06-30
충청북도,충주시,엄정면,"충청북도 충주시 엄정면 구룡로 436, (목계리)",37.07912667,127.8878269,그 외,블록구조,1935,3등급,2025-06-30
충청북도,충주시,엄정면,"충청북도 충주시 엄정면 구룡로 463, (목계리)",37.07709695,127.8855693,단독,일반목구조,1950,2등급,2025-06-30
충청북도,충주시,엄정면,"충청북도 충주시 엄정면 족동2길 91-10, (신만리)",37.10636163,127.9419393,단독,기타조적구조,1960,3등급,2025-06-30
충청북도,충주시,엄정면,"충청북도 충주시 엄정면 도룡길 5-14, (신만리)",37.09190228,127.9324896,단독,일반목구조,1960,3등급,2025-06-30
충청북도,충주시,엄정면,"충청북도 충주시 엄정면 비석2길 39-14, (괴동리)",37.10474082,127.9275506,단독,일반목구조,1900,2등급,2025-06-30
충청북도,충주시,엄정면,"충청북도 충주시 엄정면 비석1길 25-10, (괴동리)",37.09962241,127.9277466,단독,일반목구조,1968,2등급,2025-06-30
충청북도,충주시,엄정면,"충청북도 충주시 엄정면 투수골길 30, (가춘리)",37.1371811,127.9424229,단독,벽돌구조,1953,3등급,2025-06-30
충청북도,충주시,소태면,"충청북도 충주시 소태면 복여울2길 17, (복탄리)",37.10198273,127.829212,그 외,미상,,2등급,2025-06-30
충청북도,충주시,소태면,"충청북도 충주시 소태면 복여울2길 11, (복탄리)",37.10136959,127.8289659,단독,블록구조,1972,2등급,2025-06-30
충청북도,충주시,소태면,"충청북도 충주시 소태면 복여울2길 24, (복탄리)",37.10212787,127.8298867,단독,블록구조,1972,1등급,2025-06-30
충청북도,충주시,소태면,충청북도 충주시 복여울1길 ,37.10071766,127.8268072,단독,블록구조,1927,2등급,2025-06-30
충청북도,충주시,소태면,"충청북도 충주시 소태면 덕은로 570, (복탄리)",37.09936647,127.8271815,단독,벽돌구조,1995,3등급,2025-06-30
충청북도,충주시,소태면,"충청북도 충주시 소태면 야촌안골길 18-12, (주치리)",37.15815208,127.8652615,단독,벽돌구조,1940,3등급,2025-06-30
충청북도,충주시,소태면,"충청북도 충주시 소태면 송전길 28, (구룡리)",37.12986521,127.882407,단독,일반목구조,1945,3등급,2025-06-30
충청북도,충주시,소태면,"충청북도 충주시 소태면 풀무골길 56, (야동리)",37.1142837,127.8729001,단독,일반목구조,1947,2등급,2025-06-30
충청북도,충주시,소태면,"충청북도 충주시 소태면 구룡로 632-3, (양촌리)",37.08754158,127.8767462,그 외,미상,,2등급,2025-06-30
충청북도,충주시,소태면,"충청북도 충주시 소태면 소태로 355, (중청리)",37.10148153,127.8520966,단독,블록구조,1947,2등급,2025-06-30
충청북도,충주시,소태면,"충청북도 충주시 소태면 가청길 8-6, (중청리)",37.10238016,127.8500697,단독,일반목구조,1950,2등급,2025-06-30
충청북도,충주시,소태면,"충청북도 충주시 소태면 중청길 86-30, (중청리)",37.09251129,127.8490541,단독,벽돌구조,1947,2등급,2025-06-30
충청북도,충주시,소태면,"충청북도 충주시 소태면 중청길 86-25, (중청리)",37.09263709,127.8487726,그 외,미상,,2등급,2025-06-30
충청북도,충주시,소태면,"충청북도 충주시 소태면 중청길 86-23, (중청리)",37.09281722,127.8486935,단독,일반목구조,1927,2등급,2025-06-30
충청북도,충주시,소태면,"충청북도 충주시 소태면 중청길 82, (중청리)",37.09200322,127.8463666,단독,일반목구조,1937,2등급,2025-06-30
